Name,Country,Birth Year,Genre,Major Works Count
William Wordsworth,England,1770,Poetry,14
Samuel Taylor Coleridge,England,1772,Poetry,8
Jane Austen,England,1775,Novel,6
Lord Byron,England,1788,Poetry,12
Percy Bysshe Shelley,England,1792,Poetry,10
John Keats,England,1795,Poetry,6
Mary Shelley,England,1797,Gothic Fiction,7
Victor Hugo,France,1802,Novel,18
Alexander Pushkin,Russia,1799,Poetry,15
Honoré de Balzac,France,1799,Novel,90
Nathaniel Hawthorne,USA,1804,Novel,9
George Sand,France,1804,Novel,50
Edgar Allan Poe,USA,1809,Gothic Fiction,11
Alfred Lord Tennyson,England,1809,Poetry,16
Nikolai Gogol,Russia,1809,Satire,8
Charles Dickens,England,1812,Novel,15
Søren Kierkegaard,Denmark,1813,Philosophy,20
Charlotte Brontë,England,1816,Novel,4
Henry David Thoreau,USA,1817,Essay,5
Emily Brontë,England,1818,Novel,1
Walt Whitman,USA,1819,Poetry,9
Fyodor Dostoevsky,Russia,1821,Novel,12
Gustave Flaubert,France,1821,Novel,6
Henrik Ibsen,Norway,1828,Drama,26
Leo Tolstoy,Russia,1828,Novel,14